{
  "T1DEXI": {
    "target": 74.37241186255804,
    "high": 17.028402613100464,
    "very_high": 5.561445506601928,
    "low": 2.4377694049308274,
    "very_low": 0.5999706128087398
  },
  "AI-READI": {
    "target": 85.34931970812825,
    "low": 0.44197949939785836,
    "very_low": 0.16438447127927205,
    "high": 9.993745811443974,
    "very_high": 4.050570509750652
  },
  "ShanghaiT2DM": {
    "target": 78.8430637386181,
    "low": 1.4519090978651772,
    "very_low": 0.7183028540821792,
    "high": 15.330170632795165,
    "very_high": 3.656553676639376
  },
  "T1DEXIP": {
    "very_high": 10.358068070154543,
    "high": 20.21796742399428,
    "target": 67.05892862460173,
    "low": 1.9148080874251854,
    "very_low": 0.4502277938242563
  },
  "T1DiabetesGranada": {
    "very_low": 0.9613556936498716,
    "low": 3.758424006876518,
    "target": 59.5834910148192,
    "high": 24.044892238925407,
    "very_high": 11.651837045729003
  },
  "HUPA-UCM": {
    "very_low": 1.472894045705774,
    "low": 5.0657886140619075,
    "target": 71.59101302706023,
    "high": 16.69018593286556,
    "very_high": 5.180118380306534
  },
  "BIGIDEAs": {
    "target": 97.55061849959998,
    "high": 1.8831928118653456,
    "low": 0.47387531540402483,
    "very_low": 0.07077358606683488,
    "very_high": 0.021539787063819312
  },
  "T1DM-UOM": {
    "high": 15.62943864632866,
    "target": 76.34857654542087,
    "very_high": 5.969786327425431,
    "low": 1.7770024084480949,
    "very_low": 0.275196072376953
  },
  "ShanghaiT1DM": {
    "target": 52.877846790890274,
    "low": 4.893029675638371,
    "very_low": 2.8433402346445824,
    "high": 25.866114561766736,
    "very_high": 13.519668737060043
  },
  "Hall 2018": {
    "target": 95.2314211931931,
    "high": 0.7570574083474959,
    "very_high": 0.036418213521089454,
    "low": 3.778665548370009,
    "very_low": 0.1964376365683007
  },
  "UCHTT1DM": {
    "very_high": 1.9521062198688057,
    "high": 5.935351300086936,
    "target": 86.9517110566664,
    "low": 4.255907689875919,
    "very_low": 0.9049237335019363
  },
  "Bris-T1D Open": {
    "very_high": 7.349965886582921,
    "high": 21.008789221576677,
    "target": 69.81068824114054,
    "low": 1.5051217341419827,
    "very_low": 0.3254349165578736
  },
  "Colas 2019": {
    "target": 95.6841395849562,
    "high": 0.5942951169772347,
    "low": 3.1640307037889595,
    "very_low": 0.5426553350896695,
    "very_high": 0.01487925918794255
  },
  "CGMacros Libre": {
    "target": 83.79794813383373,
    "high": 5.357308008703313,
    "very_high": 1.2404330888163073,
    "low": 6.050295545960926,
    "very_low": 3.5540152226857282
  },
  "CGMacros Dexcom": {
    "very_high": 2.743424076412259,
    "high": 12.017250518167106,
    "target": 85.04139173433217,
    "low": 0.17169513283920357,
    "very_low": 0.026238538249273156
  },
  "DiaTrend": {
    "target": 50.45419314200873,
    "low": 1.3591914002771772,
    "high": 28.747268958117324,
    "very_high": 19.001479960543474,
    "very_low": 0.4378665390533025
  },
  "OhioT1DM": {
    "target": 63.39387241948141,
    "high": 25.20219734460834,
    "very_high": 8.18638991655856,
    "low": 2.572110379730617,
    "very_low": 0.6454299396210702
  },
  "AZT1D": {
    "target": 77.7849979917646,
    "high": 16.921424116458063,
    "very_high": 3.7473999066088908,
    "low": 1.2601268943537565,
    "very_low": 0.2860510908146905
  }
}