{
  "T1DEXI": {
    "target": 74.78943648451971,
    "high": 16.730964554113726,
    "very_high": 5.441858943627001,
    "low": 2.4377694049308274,
    "very_low": 0.5999706128087398
  },
  "AI-READI": {
    "target": 85.2028483978721,
    "low": 0.42494952392440244,
    "very_low": 0.1661437556928105,
    "high": 9.880609216503045,
    "very_high": 4.325449106007644
  },
  "Shanghai T2DM": {
    "target": 79.2505164894024,
    "low": 1.4519090978651772,
    "very_low": 0.7183028540821792,
    "high": 15.109227943989595,
    "very_high": 3.4700436146606473
  },
  "UCH T1DM": {
    "very_high": 1.892831739508417,
    "high": 5.820753971390184,
    "target": 87.12558286572354,
    "low": 4.255907689875919,
    "very_low": 0.9049237335019363
  },
  "T1DiabetesGranada": {
    "very_low": 0.9613556936498716,
    "low": 3.758424006876518,
    "target": 60.06158639835664,
    "high": 23.779698851278454,
    "very_high": 11.438935049838516
  },
  "HUPA-UCM": {
    "very_low": 1.411809284883645,
    "low": 5.018423425189134,
    "target": 72.0231795434649,
    "high": 16.452380019076738,
    "very_high": 5.094207727385572
  },
  "T1DM-UOM": {
    "high": 15.135012042240476,
    "target": 77.07921632804297,
    "very_high": 5.733573148891496,
    "low": 1.7770024084480949,
    "very_low": 0.275196072376953
  },
  "Shanghai T1DM": {
    "target": 53.36783988957902,
    "low": 4.893029675638371,
    "very_low": 2.8433402346445824,
    "high": 25.997239475500344,
    "very_high": 12.89855072463768
  },
  "Colas 2019": {
    "target": 95.7077713495488,
    "high": 0.5724138534655545,
    "low": 3.1640307037889595,
    "very_low": 0.5426553350896695,
    "very_high": 0.01312875810700813
  },
  "D1NAMO": {
    "high": 22.850991849915424,
    "target": 54.63632169767799,
    "very_high": 15.42365062278948,
    "low": 3.167768722128249,
    "very_low": 3.921267107488851
  },
  "Hall2018": {
    "target": 95.26673582448628,
    "high": 0.7217427770543183,
    "very_high": 0.036418213521089454,
    "low": 3.778665548370009,
    "very_low": 0.1964376365683007
  },
  "CGMacros Libre": {
    "target": 84.15961266685812,
    "high": 5.278290230514491,
    "very_high": 1.2245321806797476,
    "low": 5.852183210912567,
    "very_low": 3.4853817110350684
  },
  "DiaTrend": {
    "target": 50.955075596602704,
    "low": 1.3538605428612525,
    "high": 28.53625698822917,
    "very_high": 18.718140117019818,
    "very_low": 0.43666675528705845
  },
  "AZT1D": {
    "target": 78.27056645299912,
    "high": 16.527287510735082,
    "very_high": 3.656621135779571,
    "low": 1.259473809671531,
    "very_low": 0.2860510908146905
  }
}
